{
  "TFIDFRetriever": {
    "P@1": 0.9,
    "P@1_std": 0.29999999999999993,
    "R@1": 0.16953703703703701,
    "R@1_std": 0.19296591755042342,
    "F1@1": 0.25662818662818665,
    "F1@1_std": 0.20642748251577006,
    "NDCG@1": 0.9,
    "NDCG@1_std": 0.29999999999999993,
    "P@3": 0.711111111111111,
    "P@3_std": 0.28196838978776717,
    "R@3": 0.3358333333333333,
    "R@3_std": 0.2325696829068815,
    "F1@3": 0.4120584970584971,
    "F1@3_std": 0.18195351731381382,
    "NDCG@3": 0.7830021653567122,
    "NDCG@3_std": 0.24436337183078183,
    "P@5": 0.6199999999999998,
    "P@5_std": 0.28448784391135823,
    "R@5": 0.4482407407407408,
    "R@5_std": 0.24468473388960796,
    "F1@5": 0.4776347726347726,
    "F1@5_std": 0.19659051951121598,
    "NDCG@5": 0.7621631642364253,
    "NDCG@5_std": 0.23567371077714155,
    "P@10": 0.45666666666666667,
    "P@10_std": 0.23335714164249519,
    "R@10": 0.6080555555555556,
    "R@10_std": 0.26382586966818256,
    "F1@10": 0.49180723759671124,
    "F1@10_std": 0.2252184466834674,
    "NDCG@10": 0.7445052765289621,
    "NDCG@10_std": 0.22440517512904992,
    "AP": 0.5872298073925335,
    "AP_std": 0.2573986887977303,
    "RR": 0.9282539682539682,
    "RR_std": 0.22447362913911825,
    "MAP": 0.5872298073925335,
    "MRR": 0.9282539682539682,
    "avg_query_time_ms": 1.8775542577107749,
    "total_time_s": 0.05632662773132324
  },
  "BM25Retriever": {
    "P@1": 0.9,
    "P@1_std": 0.29999999999999993,
    "R@1": 0.16175925925925924,
    "R@1_std": 0.1908984649935663,
    "F1@1": 0.24602212602212603,
    "F1@1_std": 0.2017722484851309,
    "NDCG@1": 0.8714285714285714,
    "NDCG@1_std": 0.32857142857142857,
    "P@3": 0.788888888888889,
    "P@3_std": 0.2786652489774323,
    "R@3": 0.35916666666666663,
    "R@3_std": 0.21955710891263366,
    "F1@3": 0.447955932955933,
    "F1@3_std": 0.16337797672550114,
    "NDCG@3": 0.8328803778250928,
    "NDCG@3_std": 0.23607300241199614,
    "P@5": 0.7066666666666666,
    "P@5_std": 0.29089898972361905,
    "R@5": 0.4982407407407407,
    "R@5_std": 0.23709325505214368,
    "F1@5": 0.5398569948569949,
    "F1@5_std": 0.19608249439112735,
    "NDCG@5": 0.8264197645730823,
    "NDCG@5_std": 0.22926312917055716,
    "P@10": 0.5033333333333333,
    "P@10_std": 0.25230052626888344,
    "R@10": 0.6597222222222221,
    "R@10_std": 0.2585579966938191,
    "F1@10": 0.5399024756919494,
    "F1@10_std": 0.23840662385570774,
    "NDCG@10": 0.7784350262560504,
    "NDCG@10_std": 0.22789683208716735,
    "AP": 0.6722962699577278,
    "AP_std": 0.23210714960013115,
    "RR": 0.9375,
    "RR_std": 0.1956559480312316,
    "MAP": 0.6722962699577278,
    "MRR": 0.9375,
    "avg_query_time_ms": 1.3849655787150064,
    "total_time_s": 0.041548967361450195
  }
}